City_ID,City,Country,Max Temp,Current Description,Lat,Lng,Hotel Name
0,Poso,ID,80.85,light rain,-1.3959,120.7524,Hotel 77 Poso
1,Kununurra,AU,80.58,scattered clouds,-15.7667,128.7333,Hotel Kununurra
2,Bluff,NZ,56.8,broken clouds,-46.6,168.3333,Bluff Homestead - Guesthouse & Campervan Park
3,Punta Arenas,CL,57.31,broken clouds,-53.15,-70.9167,Hotel Hain
4,New Norfolk,AU,72.66,broken clouds,-42.7826,147.0587,The Shingles Riverside Cottages
8,Ushuaia,AR,51.46,few clouds,-54.8,-68.3,Albatross Hotel
9,Kruisfontein,ZA,66.88,broken clouds,-34.0033,24.7314,Oyster Bay House Rental
11,Minab,IR,67.33,clear sky,27.1467,57.0801,Bam campground
13,Chuy,UY,66.36,broken clouds,-33.6971,-53.4616,Nuevo Hotel Plaza
14,Kaohsiung,TW,60.75,scattered clouds,22.6163,120.3133,御宿商旅-中山館
15,Port Macquarie,AU,72.9,overcast clouds,-31.4333,152.9167,Rydges Port Macquarie
19,Mar Del Plata,AR,62.1,broken clouds,-38.0023,-57.5575,Gran Hotel Mar del Plata
20,Hilo,US,78.53,moderate rain,19.7297,-155.09,Hilo Hawaiian Hotel
22,Abonnema,NG,78.13,few clouds,4.7084,6.7931,Corper's Lodge Obonoma
23,Fortuna,US,63.93,clear sky,40.5982,-124.1573,Super 8 by Wyndham Fortuna
24,Mahebourg,MU,79.25,scattered clouds,-20.4081,57.7,Shandrani Beachcomber Resort & Spa
25,Hobart,AU,71.06,scattered clouds,-42.8794,147.3294,Mantra on Collins Hobart
28,Castro,BR,65.59,broken clouds,-24.7911,-50.0119,CHACARA BAILLY
29,Port Alfred,ZA,70.2,broken clouds,-33.5906,26.891,The Halyards Hotel
31,Gat,IL,52.39,broken clouds,31.61,34.7642,OlusHome
32,Georgetown,MY,79.9,few clouds,5.4112,100.3354,Cititel Penang
35,Mataura,NZ,56.48,overcast clouds,-46.1927,168.8643,Ellie's Villa
37,Sola,VU,82.35,overcast clouds,-13.8833,167.55,Leumerus Bungalows
39,Rio Grande,BR,73.94,light rain,-32.035,-52.0986,Hotel Atlântico Rio Grande
41,Sweetwater,US,75.22,scattered clouds,25.7634,-80.3731,Li'l Abner Mobile Home Park
42,Luanda,AO,77.0,few clouds,-8.8368,13.2343,Hotel Fórum
43,Hirara,JP,61.07,broken clouds,24.8,125.2833,Hotel Atoll Emerald Miyakojima
44,Broken Hill,AU,76.87,clear sky,-31.95,141.4333,Royal Exchange Hotel
45,Touros,BR,79.9,scattered clouds,-5.1989,-35.4608,INN NEW HORIZON
46,Saint George,US,59.47,clear sky,37.1041,-113.5841,Best Western Plus Abbey Inn
47,Meulaboh,ID,76.01,overcast clouds,4.1363,96.1285,Kost Pria
49,Dunedin,NZ,53.8,broken clouds,-45.8742,170.5036,Scenic Hotel Southern Cross
50,Morro Bay,US,70.34,overcast clouds,35.3658,-120.8499,Inn at Morro Bay
51,Kapaa,US,79.48,clear sky,22.0752,-159.319,Sheraton Kauai Coconut Beach Resort
52,Hermanus,ZA,70.9,few clouds,-34.4187,19.2345,Misty Waves Boutique Hotel
53,Rikitea,PF,79.45,broken clouds,-23.1203,-134.9692,People ThankYou
54,Salalah,OM,71.69,scattered clouds,17.0151,54.0924,"HAMDAN PLAZA HOTEL SALALAH, an HTG Hotel"
56,Rondonopolis,BR,75.61,broken clouds,-16.4708,-54.6356,Serras Hotel
57,Hithadhoo,MV,81.59,scattered clouds,-0.6,73.0833,Scoop Guest House
58,Pisco,PE,69.85,clear sky,-13.7,-76.2167,Hotel San Isidro Oficial
59,Busselton,AU,69.04,few clouds,-33.65,115.3333,Observatory Guest House
60,Kaitangata,NZ,56.93,overcast clouds,-46.2817,169.8464,Kaitangata Motor Camp
63,Cape Town,ZA,68.41,clear sky,-33.9258,18.4232,Southern Sun Waterfront Cape Town
64,Matamoros,MX,59.11,few clouds,25.5333,-103.25,Quinta Belem
65,Avarua,CK,82.45,broken clouds,-21.2078,-159.775,Paradise Inn
67,Sao Joao Da Barra,BR,77.47,few clouds,-21.6403,-41.0511,Pousada Porto De Canoas
71,San Patricio,US,50.68,clear sky,28.017,-97.5169,"Motel 6 Sinton, TX"
73,Atuona,PF,78.33,light rain,-9.8,-139.0333,Villa Enata
74,Buchanan,LR,80.69,broken clouds,5.8808,-10.0467,Kamaneahn Hotel Inc
76,East London,ZA,69.8,light rain,-33.0153,27.9116,Tu Casa
77,Bandarbeyla,SO,74.07,broken clouds,9.4942,50.8122,JABIR HOTEL
78,Dingle,PH,78.15,broken clouds,10.9995,122.6711,SEGAYA PROPERTY
80,Joao Pinheiro,BR,71.1,heavy intensity rain,-17.7425,-46.1725,Hotel Santos
81,Harper,LR,79.52,clear sky,4.375,-7.7169,Screensaver
82,Grand Gaube,MU,79.38,overcast clouds,-20.0064,57.6608,Veranda Paul et Virginie Hotel & Spa
83,Calvinia,ZA,76.53,clear sky,-31.4707,19.776,Die Lemoenhuis
85,Vaini,TO,75.36,light rain,-21.2,-175.2,Keleti Beach Resort
87,Richards Bay,ZA,71.65,overcast clouds,-28.783,32.0377,BON Hotel Waterfront Richards Bay
90,Acapulco,MX,82.22,clear sky,16.8634,-99.8901,HS Hotsson Smart Acapulco
91,Lethem,GY,80.92,overcast clouds,3.3803,-59.7968,Savannah Inn
92,Jalu,LY,54.97,clear sky,29.0331,21.5482,صاحبة الفخامة
94,Ponta Do Sol,PT,67.01,clear sky,32.6667,-17.1,Hotel do Campo
95,Namibe,AO,73.08,overcast clouds,-15.1961,12.1522,Hotel Chik Chik Namibe
96,Geraldton,AU,77.41,overcast clouds,-28.7667,114.6,Broadwater Mariner Resort
97,Itupiranga,BR,74.21,overcast clouds,-5.1347,-49.3267,Hotel Panorama
99,Petatlan,MX,84.0,clear sky,17.5167,-101.2667,Hotel California Petatlán
101,Mbaiki,CF,70.34,overcast clouds,3.8678,17.9892,Motel MBM
102,Bambous Virieux,MU,79.21,light rain,-20.3428,57.7575,Casa Tia Villa
103,Manokwari,ID,81.32,overcast clouds,-0.8667,134.0833,Swiss Belhotel Manokwari
104,Nelson Bay,AU,75.11,broken clouds,-32.7167,152.15,Mantra Nelson Bay
105,San Carlos De Bariloche,AR,67.75,scattered clouds,-41.1456,-71.3082,Hotel Patagonia
106,Cabo San Lucas,MX,71.62,clear sky,22.8909,-109.9124,Hotel Tesoro Los Cabos
107,Mayumba,GA,76.77,scattered clouds,-3.432,10.6554,LIKWALE LODGE
109,Ahuimanu,US,83.34,few clouds,21.4447,-157.8378,Paradise Bay Resort
110,Kahului,US,84.22,scattered clouds,20.8947,-156.47,Maui Seaside Hotel
111,Regidor,CO,83.68,scattered clouds,8.6657,-73.8215,Hotel Charles
112,Belmonte,BR,73.9,broken clouds,-15.8631,-38.8828,Pousada Monte Carmelo O Pão
114,Noumea,NC,84.18,few clouds,-22.2763,166.4572,Hôtel Le Lagon
115,Kudahuvadhoo,MV,80.91,clear sky,2.6708,72.8944,Niyama Private Islands Maldives
118,Victoria,HK,61.25,overcast clouds,22.2855,114.1577,Mini Hotel Central
119,San Andres,CO,80.62,few clouds,12.5847,-81.7006,Hotel Arena Blanca
120,Carnarvon,AU,80.67,overcast clouds,-24.8667,113.6333,Hospitality Carnarvon
123,Jacksonville,US,53.6,light intensity drizzle,30.3322,-81.6556,Hyatt Regency Jacksonville Riverfront
125,Trincomalee,LK,78.71,broken clouds,8.5711,81.2335,Welcombe Hotel
128,Ribeira Grande,PT,59.72,scattered clouds,38.5167,-28.7,Quinta da Meia Eira
129,Yarim,YE,52.63,scattered clouds,14.298,44.3779,وليد المسوري ابو اسد
130,Lagoa,PT,58.64,clear sky,39.05,-27.9833,Casa Das Faias
132,Japura,ID,72.79,light rain,-0.3167,102.35,Rumah mbah Jamah
133,Butaritari,KI,82.67,broken clouds,3.0707,172.7902,Isles Sunset Lodge
137,Moerai,PF,80.04,overcast clouds,-22.4333,-151.3333,Le Manotel
141,Codrington,AU,73.49,broken clouds,-38.2667,141.9667,Codrington Gardens Bed And Breakfast
144,Cayenne,GF,80.1,few clouds,4.9333,-52.3333,Hôtel Le Dronmi
145,Mogadishu,SO,76.44,scattered clouds,2.0371,45.3438,Hotel Juba
147,Los Llanos De Aridane,ES,67.12,clear sky,28.6585,-17.9182,Valle Aridane
149,Tuatapere,NZ,56.82,overcast clouds,-46.1333,167.6833,Ron and Tony's Bed & Breakfast
155,Puerto Ayora,EC,75.54,broken clouds,-0.7393,-90.3518,Finch Bay Galapagos Hotel
156,Arraial Do Cabo,BR,76.78,broken clouds,-22.9661,-42.0278,Pousada Porto Praia
157,Kiama,AU,71.38,broken clouds,-34.6833,150.8667,The Sebel Kiama Harbourside
158,Kavaratti,IN,78.01,few clouds,10.5669,72.642,Hotels in Lakshadweep Islands
160,El Viejo,NI,81.36,broken clouds,12.6633,-87.1672,Hotel El Viejo Inn
161,Tepeapulco,MX,60.82,scattered clouds,19.7833,-98.55,TRANSPORTES DEL VALLE
162,Maragogi,BR,78.3,overcast clouds,-9.0122,-35.2225,Salinas do Maragogi All Inclusive Resort
165,Vangaindrano,MG,77.05,moderate rain,-23.35,47.6,Hotel Fanilo
167,Vanimo,PG,82.94,overcast clouds,-2.6741,141.3028,Vahmoneh Lodge Vanimo
170,Bredasdorp,ZA,68.29,broken clouds,-34.5322,20.0403,Bredasdorp Country Manor
171,Sajanan,TN,50.27,overcast clouds,37.0573,9.2426,Centre de culture du tabac sejenene
176,Omboue,GA,76.66,clear sky,-1.5746,9.2618,Hotel Olako
177,Le Port,RE,78.8,light rain,-20.9373,55.2919,KORBEY D'OR OUEST
179,Ambilobe,MG,72.68,light rain,-13.2,49.05,Hôtel & Restaurant DIANA Ambilobe
181,Ponta Delgada,PT,60.49,few clouds,37.7333,-25.6667,Vila Nova Hotel
183,Sulangan,PH,80.33,broken clouds,11.1373,123.7228,Maia's Beach Resort
184,Sibolga,ID,74.97,overcast clouds,1.7427,98.7792,Hotel Syariah CN Darussalam
185,Kavieng,PG,83.64,overcast clouds,-2.5744,150.7967,Nusa Island Retreat
187,Comodoro Rivadavia,AR,66.06,clear sky,-45.8667,-67.5,Austral Hotel
190,Beberibe,BR,82.44,clear sky,-4.1797,-38.1306,Villa Arte Pousada Morro Branco
191,Alofi,NU,76.89,overcast clouds,-19.0595,-169.9187,Taloa Heights
192,Pemba,MZ,76.87,overcast clouds,-12.974,40.5178,Guesthouse Samotina
193,San Quintin,MX,61.32,clear sky,30.4833,-115.95,Don Eddie's Landing
194,Kaliua,TZ,64.09,light rain,-5.0606,31.7936,Millennium Complex
197,Wanning,CN,66.11,overcast clouds,18.8003,110.3967,Paradise Hotel
201,Aloleng,PH,78.55,scattered clouds,16.1307,119.7824,Steve Walden and Emma Sison-Walden Residence
202,Portland,US,53.58,broken clouds,45.5234,-122.6762,Embassy Suites by Hilton Portland Downtown
203,Maceio,BR,76.44,clear sky,-9.6658,-35.7353,Poutur Pousada
206,Port Elizabeth,ZA,69.1,scattered clouds,-33.918,25.5701,39 On Nile Guest House
209,Guerrero Negro,MX,66.56,clear sky,27.9769,-114.0611,"Casa Laguna, Bed & Breakfast"
212,Boa Vista,BR,84.18,scattered clouds,2.8197,-60.6733,Aipana Plaza Hotel
213,Sao Miguel Do Araguaia,BR,75.94,overcast clouds,-13.275,-50.1628,Hotel Executivo Palace
214,Faanui,PF,81.16,few clouds,-16.4833,-151.75,Bora-Bora Pearl Beach Resort & Spa
216,Ewo,CG,78.85,broken clouds,-0.8725,14.8206,Residence Elonda Ewo
219,Pacific Grove,US,66.58,clear sky,36.6177,-121.9166,Lovers Point Inn
224,Gorontalo,ID,78.8,overcast clouds,0.5412,123.0595,Maqna Hotel by Prasanthi
225,San Cristobal,VE,71.78,overcast clouds,7.7669,-72.225,Posada Villaven C.A.
226,Platanos,GR,52.09,broken clouds,37.6667,21.6167,Hotel Kronio
227,Saint-Philippe,RE,78.39,light rain,-21.3585,55.7679,"Chambres d'hôte ""La Trinité"""
228,Pitimbu,BR,81.19,broken clouds,-7.4706,-34.8086,Reserva do Abiaí
229,Hualmay,PE,70.83,scattered clouds,-11.0964,-77.6139,Hotel Villa Kitzia Huacho
230,Balabac,PH,80.47,scattered clouds,7.9868,117.0645,Batalla’s Lodging House
231,Yulara,AU,82.24,clear sky,-25.2406,130.9889,Desert Gardens Hotel - Ayers Rock Resort
232,Peniche,PT,53.74,clear sky,39.3558,-9.3811,Hotel Star inn Peniche
233,Khorramshahr,IR,51.76,clear sky,30.4397,48.1664,دفتر نمایندگی شرکت بازاریابان ایرانیان زمینBIZ
237,Cockburn Town,TC,75.16,scattered clouds,21.4612,-71.1419,Osprey Beach Hotel
238,Keffi,NG,73.78,clear sky,8.8486,7.8736,Imam Family
239,Lebu,CL,59.47,clear sky,-37.6167,-73.65,Hostal Las Lilas
240,Rock Sound,BS,74.23,clear sky,24.9,-76.2,Pink Corral Bay Property
241,Talcahuano,CL,62.02,clear sky,-36.7167,-73.1167,departamento comodo
244,Quatre Cocos,MU,79.09,light rain,-20.2078,57.7625,Sunrise Attitude Hotel
246,Mount Gambier,AU,76.91,broken clouds,-37.8333,140.7667,The Commodore
249,Daru,PG,83.68,overcast clouds,-9.0763,143.2092,Daru Lodge
253,Imbituba,BR,76.89,overcast clouds,-28.24,-48.6703,Praia Hotel Imbituba
254,Caravelas,BR,77.41,broken clouds,-17.7125,-39.2481,Pousada dos Navegantes
256,Cidreira,BR,74.16,overcast clouds,-30.1811,-50.2056,Hotel Castelo
260,Lompoc,US,73.71,few clouds,34.6391,-120.4579,"Holiday Inn Express Lompoc, an IHG Hotel"
262,Chibuto,MZ,72.45,light rain,-24.6867,33.5306,Residência Masculina da Escola Superior de Negocios e Empreendedorismo de Chibuto
263,Nago,JP,59.45,overcast clouds,26.5881,127.9761,Hotel Yugaf Inn Okinawa
264,Rodrigues Alves,BR,75.04,broken clouds,-7.7379999999999995,-72.6509,Pousada Aconchego
270,Basco,PH,72.63,broken clouds,20.4487,121.9702,Nathaniel's Lodge
271,Grand-Lahou,CI,79.02,light rain,5.1367,-5.0242,Hotel Beatitude de Grand Lahou
272,Malanje,AO,62.22,overcast clouds,-9.5402,16.340999999999998,Hotel Ginga
273,Kattivakkam,IN,79.07,overcast clouds,13.2167,80.3167,Euronova Freezer
274,Alexandria,EG,58.62,scattered clouds,31.2156,29.9553,Royal Crown Hotel
277,Ballina,AU,75.16,broken clouds,-28.8667,153.5667,Ramada Hotel & Suites by Wyndham Ballina Byron
281,Makakilo City,US,82.15,few clouds,21.3469,-158.0858,Marriott's Ko Olina Beach Club
283,Kutum,SD,51.33,broken clouds,14.2,24.6667,Dibbo areaمنطقة دبو
287,Corinto,GR,52.68,overcast clouds,37.9407,22.9573,Ephira Hotel
293,Aron,IN,50.25,clear sky,24.3833,77.4167,Shri Ram marriage garden aron
294,Monrovia,LR,79.56,clear sky,6.3005,-10.7969,Sunset Inn
295,Iquitos,PE,75.24,scattered clouds,-3.7481,-73.2472,Casa Morey Hotel & Restaurant
297,Mucuri,BR,77.16,broken clouds,-18.0864,-39.5508,La Bodeguita Pousada
298,Montanha,BR,72.39,broken clouds,-18.1269,-40.3633,Hotel Boldrini
299,Awbari,LY,52.65,clear sky,26.5921,12.7805,فندق أوباري
300,Ancud,CL,62.22,scattered clouds,-41.8697,-73.8203,Hotel Arena Gruesa
302,Bengkulu,ID,73.56,overcast clouds,-3.8004,102.2655,Grage Hotel Bengkulu
305,Kuching,MY,77.22,few clouds,1.55,110.3333,The Ranee Boutique Suites
309,Mlonggo,ID,78.69,overcast clouds,-6.5333,110.7,Asia Metal Art
319,Taltal,CL,68.43,few clouds,-25.4,-70.4833,Residencial Karime
320,Lorengau,PG,84.16,overcast clouds,-2.0226,147.2712,Lorengau Harbourside Hotel
321,Nhulunbuy,AU,84.81,scattered clouds,-12.2333,136.7667,East Arnhem Real Estate
325,Loandjili,CG,77.11,scattered clouds,-4.7561,11.8578,Résidence ARCHANGE
326,Bali,ID,83.37,clear sky,-8.5,115.0,Pondok Pitaya
329,Inongo,CD,74.37,overcast clouds,-1.95,18.2667,Hotel Du Lac
330,Elur,IN,71.56,mist,10.0667,76.2833,Beith Hotel and Convention Center
334,Nishihara,JP,58.68,scattered clouds,26.1842,127.7558,Minshuku Agaihama
335,Porto Novo,BJ,82.22,clear sky,6.4965,2.6036,Tour Eiffel Hotel Benin
336,Kedougou,SN,81.18,clear sky,12.5579,-12.1743,Relais de Kédougou
338,Concordia,AR,72.79,clear sky,-31.393,-58.0209,Palmar Hotel Casino
343,Souillac,MU,79.36,scattered clouds,-20.5167,57.5167,Shanti Maurice Resort & Spa
344,Naze,JP,50.92,overcast clouds,28.3667,129.4833,Shishime Hotel
345,Kalmunai,LK,74.12,overcast clouds,7.4167,81.8167,VS Villa
346,Isangel,VU,82.33,overcast clouds,-19.55,169.2667,Tanna Lodge
349,Aden,YE,77.22,scattered clouds,12.7794,45.0367,Sama Emirate Hotel
351,Bidar,IN,60.31,few clouds,17.9,77.55,Kaveri Hotel
354,Esperance,AU,76.84,clear sky,-33.8667,121.9,Hospitality Esperance
355,Sao Filipe,CV,73.09,clear sky,14.8961,-24.4956,Hotel Xaguate
356,Akyab,MM,65.12,overcast clouds,20.15,92.9,Hotel Memory
358,Impfondo,CG,68.5,broken clouds,1.6381,18.0667,Auberge La Place de Jules
361,Christchurch,NZ,59.95,overcast clouds,-43.5333,172.6333,The George
363,Banjar,ID,84.06,clear sky,-8.19,114.9675,The Hamsa Resort
364,Ngaoundere,CM,59.63,clear sky,7.3167,13.5833,Hotel Mentong Palace
365,Padang,ID,71.65,overcast clouds,-0.9492,100.3543,Mercure Padang
366,Samarai,PG,84.72,overcast clouds,-10.6167,150.6667,Nuli Sapi
367,Del Rio,US,55.51,clear sky,29.3627,-100.8968,"Holiday Inn Express & Suites del Rio, an IHG Hotel"
369,Gambela,ET,76.68,clear sky,8.25,34.5833,Solomon Debebe Hotel
373,Bassar,TG,80.6,clear sky,9.25,0.7833,Hôtel KYRIAD
375,Bima,ID,83.14,scattered clouds,-8.4667,118.7167,Lambitu Hotel
377,Alice Springs,AU,76.55,clear sky,-23.7,133.8833,Desert Palms Alice Springs
378,Brownsville,US,51.75,clear sky,25.9018,-97.4975,University Inn & Suites
379,Knysna,ZA,62.98,clear sky,-34.0363,23.0471,Protea Hotel by Marriott Knysna Quays
386,Mecca,SA,60.76,clear sky,21.4267,39.8261,"Makkah Clock Royal Tower, A Fairmont Hotel"
387,Kawalu,ID,78.21,broken clouds,-7.3817,108.2082,KOSAN UNGU UNSIK
389,Atar,MR,70.21,clear sky,20.5169,-13.0499,Oumou Elghoura
391,Eyl,SO,70.95,clear sky,7.9803,49.8164,Amiin Hotel
393,Rawson,AR,61.59,overcast clouds,-43.3002,-65.1023,Hosteria Sampedro
396,Rocha,UY,63.28,few clouds,-34.4833,-54.3333,Hotel Arrarte
405,Hambantota,LK,71.94,scattered clouds,6.1241,81.1185,Bungalow 63
406,Saint-Georges,GD,76.68,few clouds,12.0564,-61.7485,Radisson Grenada Beach Resort
407,Potam,MX,72.19,clear sky,27.6,-110.3833,Ejido La Pimienta
408,Vila Velha,BR,76.95,few clouds,-20.3297,-40.2925,Quality Suites Vila Velha
409,Galesong,ID,78.82,overcast clouds,-5.3166,119.3661,Sapriadi Appy
411,Allende,MX,51.67,clear sky,25.2833,-100.0167,Ecovergel Hotel Boutique
413,George Town,MY,79.9,few clouds,5.4112,100.3354,Cititel Penang
417,Bunia,CD,64.65,overcast clouds,1.5667,30.25,Gold Star International Hotel
421,Zihuatanejo,MX,84.29,clear sky,17.6333,-101.55,La Casa Que Canta
422,Sehithwa,BW,70.74,light rain,-20.4667,22.7167,MONLEK GUEST HOUSE
423,Camacha,PT,63.54,scattered clouds,33.0833,-16.3333,Hotel Porto Santo & Spa
425,Ahipara,NZ,77.43,overcast clouds,-35.1667,173.1667,Ahipara Holiday Park
428,San Ignacio,BZ,68.14,overcast clouds,17.1561,-89.0714,Rainforest Haven Inn
429,Lazaro Cardenas,MX,75.85,clear sky,17.9583,-102.2,quinta antigua
431,Fomboni,KM,82.62,light rain,-12.28,43.7425,Auberge les abou
435,Arlit,NE,60.73,clear sky,18.7369,7.3853,Case de Passage De la Prefecture
436,Vila Franca Do Campo,PT,60.19,overcast clouds,37.7167,-25.4333,Pestana Bahia Praia
440,Marapanim,BR,74.86,overcast clouds,-0.7175,-47.6997,Ecomangue Pousada
441,Fort Abbas,PK,54.43,clear sky,29.1925,72.8536,AsAd's House
442,Sai Buri,TH,74.91,overcast clouds,6.7013,101.6168,ร้าน​ เวดดิ้ง
444,Oussouye,SN,75.38,clear sky,12.485,-16.5469,Auberge du Routard
446,Adeje,ES,63.73,clear sky,28.1227,-16.726,Gran Tacande Wellness & Relax
448,San Pedro,PH,80.35,few clouds,14.35,121.0167,Villa Veronica Resort Private Pool
450,Vaitape,PF,81.12,light rain,-16.5167,-151.75,Conrad Bora Bora Nui
451,Liverpool,GB,50.14,broken clouds,53.4106,-2.9779,Premier Inn Liverpool City Centre (Moorfields) hotel
458,Gigmoto,PH,78.04,scattered clouds,13.7796,124.39,Cj's Travellers Inn
460,Pontes E Lacerda,BR,73.76,clear sky,-15.2261,-59.3353,Hotel Bressan
461,Sur,OM,70.77,clear sky,22.5667,59.5289,Sur Plaza Hotel
466,Half Moon Bay,US,66.45,haze,37.4636,-122.4286,"The Ritz-Carlton, Half Moon Bay"
467,Chimbote,PE,70.47,few clouds,-9.0853,-78.5783,Hotel Viera Chimbote
468,Betare Oya,CM,66.4,few clouds,5.6,14.0833,Auberge Tembina Betaré Oya
469,Dakar,SN,70.68,clear sky,14.6937,-17.4441,Redface Studios Meublés
470,Celestun,MX,71.74,overcast clouds,20.8667,-90.4,Posada Lilia
471,Gaoual,GN,74.08,clear sky,11.75,-13.2,Hotel koliba
472,Lagunas,PE,77.02,overcast clouds,-5.2269,-75.6753,Hospedaje Eco
473,Kinkala,CG,75.51,light rain,-4.3614,14.7644,Hotel la Pepeche Kinkala
474,Chapada Dos Guimaraes,BR,73.06,overcast clouds,-15.4606,-55.7497,Pousada Morro Dos Ventos
477,Sana,YE,56.57,broken clouds,15.3547,44.2067,Sindbad Hotel
478,Luau,AO,61.32,overcast clouds,-10.7073,22.2247,Casa- Bernardo Cândido
479,Kralendijk,BQ,75.18,scattered clouds,12.15,-68.2667,Divi Flamingo Beach Resort & Casino
483,Fayaoue,NC,82.81,overcast clouds,-20.65,166.5333,Chez Dydyce Guesthouse
484,Puri,IN,55.92,clear sky,19.8,85.85,OYO 1577 Hotel Shree Hari Grand
485,Badvel,IN,68.67,broken clouds,14.75,79.05,UNS Residency Lodge A/c
487,Klamath Falls,US,51.71,clear sky,42.2249,-121.7817,"Holiday Inn Express & Suites Klamath Falls Central, an IHG Hotel"
489,Flinders,AU,73.2,overcast clouds,-34.5833,150.8552,Shellharbour Resort & Conference Centre
491,Marawi,PH,69.66,broken clouds,7.9986,124.2928,Derogongan Residence
495,Hervey Bay,AU,78.91,scattered clouds,-25.2986,152.8535,Shelly Bay Resort
497,Marsh Harbour,BS,73.53,clear sky,26.5412,-77.0636,Abaco Beach Resort
499,Porbandar,IN,64.51,clear sky,21.6422,69.6093,Lords Inn Porbandar
500,Vao,NC,80.58,few clouds,-22.6667,167.4833,Hotel Kou-Bugny
502,Pecos,US,51.06,clear sky,31.4229,-103.4932,Knights Inn & Suites Pecos
503,Moron,AR,64.96,scattered clouds,-34.6534,-58.6198,Hotel Morón
504,Harer,ET,57.52,few clouds,9.3094,42.1258,Amir Cultural Harari Guesthouse
506,Constitucion,CL,59.94,clear sky,-35.3333,-72.4167,Hotel Boutique Las Azucenas
507,Otautau,NZ,57.43,overcast clouds,-46.15,168.0,Otautau Hotel
509,Saldanha,ZA,69.85,broken clouds,-33.0117,17.9442,Blue Bay Lodge
513,Faya,SA,50.11,clear sky,18.3851,42.4509,املاك خالد الشعشوع
514,Lira,UG,69.17,overcast clouds,2.235,32.9097,ST Lira Hotel Limited
515,Cilegon,ID,76.89,overcast clouds,-6.0174,106.0538,Amaris Hotel Cilegon
517,Tukrah,LY,54.63,overcast clouds,32.5341,20.5791,Lagrota restaurant
518,Labuhan,ID,80.91,scattered clouds,-6.8844,112.2051,DoubleFAG
520,Limon,CR,75.96,clear sky,10.0,-83.0333,Hotel Playa Bonita
521,Biak,ID,82.0,broken clouds,-0.9131,122.8766,Penginapan Kim
524,Mattru,SL,72.21,broken clouds,7.6244,-11.8332,"Mondkor Town, Bagbo Chiefdom, Bo District"
525,Ransang,PH,81.91,scattered clouds,8.9603,117.5828,Black and Crystal Sand Campsite
528,Port-Gentil,GA,79.02,clear sky,-0.7193,8.7815,Fengshui Residence
529,Tabuk,PH,69.4,overcast clouds,17.4189,121.4443,Golden Berries Hotel and Convention
532,Veraval,IN,63.48,clear sky,20.9,70.3667,Lords Inn Somnath
534,Katobu,ID,82.54,overcast clouds,-4.9408,122.5276,La Ode Husein
535,Santa Maria,BR,74.5,clear sky,-29.6842,-53.8069,Hotel Morotin
546,Buin,CL,79.74,clear sky,-33.7333,-70.75,Paihuen
547,Uberaba,BR,75.78,few clouds,-19.7483,-47.9319,Tamareiras Park Hotel
548,Santiago Del Estero,AR,72.54,overcast clouds,-27.7951,-64.2615,Apartamentos Castelli 90
550,Saint-Leu,RE,77.86,overcast clouds,-21.15,55.2833,La Caz Oceane
551,Sorong,ID,83.43,overcast clouds,-0.8833,131.25,Waigo Splash Hotel
552,Trairi,BR,77.7,clear sky,-3.2778,-39.2689,janelas do mar
555,Viedma,AR,56.61,clear sky,-40.8135,-62.9967,Hotel Cristal
556,Turbat,PK,63.59,clear sky,26.0023,63.044,Mubashar Quarters
561,Dorado,PR,73.47,light rain,18.4588,-66.2677,Embassy Suites by Hilton Dorado del Mar Beach Resort
563,Santa Rosalia,MX,59.38,clear sky,27.3167,-112.2833,Hotel Las Casitas Santa Rosalia
566,Sinazongwe,ZM,72.68,light rain,-17.2614,27.4618,Lakeview Lodge
567,Antalaha,MG,77.09,overcast clouds,-14.9003,50.2788,Hotel Vitasoa
568,Formosa,AR,80.58,clear sky,-26.1775,-58.1781,Hotel Portal del Sol
569,Santa Isabel Do Rio Negro,BR,75.06,overcast clouds,-0.4139,-65.0192,Hotel GSA
572,Kloulklubed,PW,77.5,broken clouds,7.0419,134.2556,Storyboard Beach Resort
573,Necochea,AR,60.04,overcast clouds,-38.5473,-58.7368,dyd -mar Hotel
574,Boca Do Acre,BR,72.32,overcast clouds,-8.7522,-67.3978,Hotel Sao Pedro
575,Itajobi,BR,72.39,overcast clouds,-21.3181,-49.0544,Bruno Ferreira
577,Betong,TH,73.58,overcast clouds,5.7743,101.0723,New Cathay Hotel
579,Itarema,BR,78.75,clear sky,-2.9248,-39.9167,"Sea Lounge! Bar, Club & Restaurant"
582,Soure,BR,77.88,overcast clouds,-0.7167,-48.5233,Casarão da Amazônia
583,Rawatsar,IN,51.12,clear sky,29.2833,74.3833,Honda Service Center
585,Uong Bi,VN,55.38,overcast clouds,21.0333,106.7833,khach san Trung lien
586,Isiro,CD,66.0,overcast clouds,2.7739,27.616,Guest House Hewa Bora
587,Mananjary,MG,78.04,moderate rain,-21.2167,48.3333,Vahiny Lodge
588,Aurangabad,IN,55.49,haze,19.8833,75.3333,OYO Rooms 012 Kushal Nagar
594,Mubende,UG,60.3,overcast clouds,0.5606,31.39,Nakayima Hotel
597,Neiafu,TO,77.68,light rain,-18.65,-173.9833,Mystic Sands Beachfront Accommodation
600,Bedele,ET,55.94,scattered clouds,8.456,36.353,Central Hotel
601,Berbera,SO,75.54,overcast clouds,10.4396,45.0143,IBCO REAL ESTATE PROPERTY
604,Kassala,SD,64.54,clear sky,15.450999999999999,36.4,Amassi Hotel Gash
607,Adwa,ET,57.0,clear sky,14.1646,38.8955,Maay Assa Hotel
608,Wanaka,NZ,62.11,clear sky,-44.7,169.15,Wanaka Homestead Lodge and Cottages
609,Mormugao,IN,67.26,broken clouds,15.4,73.8,Coconut Creek Resort
610,Kailahun,SL,67.05,clear sky,8.2833,-10.5667,MAWAC Guesthouse
611,Chake Chake,TZ,77.77,overcast clouds,-5.2459,39.7666,Hotel Archipelago
614,Alyangula,AU,84.07,scattered clouds,-13.8483,136.4192,Groote Eylandt Lodge
618,Taungdwingyi,MM,64.67,few clouds,20.0167,95.55,NayNaing MobileService
619,Muisne,EC,76.12,overcast clouds,0.6,-80.0333,Quinta Samay
621,Te Anau,NZ,64.06,clear sky,-45.4167,167.7167,Kingsgate Hotel Te Anau
624,Axim,GH,78.55,light rain,4.8699,-2.2405,Axim Beach Resort And Spa
625,Maicao,CO,75.36,clear sky,11.3832,-72.2432,Hotel Sancho
626,Mahibadhoo,MV,81.09,few clouds,3.7833,72.9667,Omadhoo Inn
629,Kilindoni,TZ,79.61,overcast clouds,-7.9139,39.6668,Bustani B&B
631,Kismayo,SO,77.02,overcast clouds,-0.3582,42.5454,Agan-Hotel
633,Dubai,AE,71.85,few clouds,25.2582,55.3047,"Radisson Blu Hotel, Dubai Deira Creek"
634,Bilma,NE,58.77,clear sky,18.6853,12.9164,Expeditions Ténére voyages
635,Myitkyina,MM,55.85,overcast clouds,25.3833,97.4,Shwe Phyu Hotel
638,Itapipoca,BR,74.46,clear sky,-3.4944,-39.5786,Hotel Pilotos
639,Panaba,MX,70.03,overcast clouds,21.2833,-88.2667,Hotel California
640,Abu Dhabi,AE,68.11,clear sky,24.4667,54.3667,Ramee Garden Hotel Apartments
643,Mae Hong Son,TH,66.34,mist,19.3003,97.9685,Baiyoke Chalet Hotel
644,Port Lincoln,AU,78.75,few clouds,-34.7333,135.8667,Port Lincoln Hotel
646,Desaguadero,PE,50.14,overcast clouds,-16.5656,-69.0417,av. panamericana 264 desaguadero hotel
647,Manoel Urbano,BR,73.06,overcast clouds,-8.8389,-69.2597,Baixada Beira Rio
648,Nizwa,OM,64.83,clear sky,22.9333,57.5333,Orient Apartments
649,Owo,NG,69.85,scattered clouds,7.1962,5.5868,The Chancery Hotel and Resort limited
656,Emerald,AU,80.74,clear sky,-23.5333,148.1667,The Irish Village
659,Puerto Del Rosario,ES,65.88,clear sky,28.5004,-13.8627,Hotel JM Puerto del Rosario
660,Bida,NG,74.35,clear sky,9.0833,6.0167,Royal Suite
661,Susanville,US,51.64,clear sky,40.4163,-120.65299999999999,Comfort Inn & Suites
662,Bulawayo,ZW,60.8,overcast clouds,-20.15,28.5833,4 On Housman Backpackers
663,Porciuncula,BR,72.93,overcast clouds,-20.9628,-42.0408,Pousada Cordeiro
665,Olinda,BR,82.13,clear sky,-8.0089,-34.8553,Hotel Albergue de Olinda
666,Great Yarmouth,GB,50.25,overcast clouds,52.6083,1.7305,Comfort Hotel Great Yarmouth
668,Portao,BR,75.63,overcast clouds,-29.7017,-51.2419,Motel 20 Ver
673,Dubbo,AU,71.73,overcast clouds,-32.25,148.6167,Quality Inn Dubbo International
674,Ulladulla,AU,71.87,clear sky,-35.35,150.4667,Sandpiper Motel
676,Byron Bay,AU,75.16,overcast clouds,-28.65,153.6167,Backpackers Inn
678,Gboko,NG,75.06,clear sky,7.3179,8.9951,Mavillah Apartment and Suites
